Date,Open,High,Low,Close,Volume,Turnover
2015-01-05,2079.98103151483,2137.359818591102,2008.257840203901,2029.7747802734373,2361600,4849206815.795898
2015-01-12,1993.9127965198863,2001.0851447088069,1757.2252655029297,1778.7423095703125,5502900,10065857856.811523
2015-01-19,1800.2592140846407,1871.9828647347383,1764.3974767522773,1857.637939453125,4289100,7776304590.83252
2015-01-26,1836.1209077380952,1843.2932550339472,1778.7423095703125,1778.7423095703125,3082500,5550061560.693359
2015-02-02,1778.7423095703125,1850.4660213694851,1757.2249919612232,1807.4315185546875,2903200,5192425411.71875
2015-02-09,1850.4658203125,1900.672257297723,1814.6039445335296,1843.2933349609373,3379900,6221034293.188477
2015-02-16,1850.465535327056,1972.3950354140045,1850.465535327056,1922.1893310546875,3010300,5773625272.497559
2015-02-23,1950.8779986640336,1979.568207900889,1915.0162707474155,1950.8782958984373,2681100,5241197311.38916
2015-03-02,1950.8782958984373,1972.395335926729,1922.1889091940488,1950.8782958984373,1993300,3894134222.692871
2015-03-09,1929.3614660192416,1958.050855848524,1886.3273027528007,1907.84423828125,2335800,4461443806.640625
2015-03-16,1900.6721034194484,1915.0167985395951,1879.1548512394263,1907.84423828125,1832800,3477417140.0268555
2015-03-23,1915.0167866949664,2178.236452367382,1907.8444391792552,2060.890380859375,3181300,6393328595.629883
2015-03-30,2060.890249501104,2068.2243785028872,1950.8783275462963,1980.21484375,2307900,4624610332.287598
2015-04-06,1965.5465856481485,2024.219843677929,1936.210205078125,1936.210205078125,2026600,4007471092.3950195
2015-04-13,1921.5419459487453,2068.224828047718,1892.2054276899855,2038.8883056640625,2654100,5309578766.442871
2015-04-20,2024.2196044921875,2097.5611807839914,1994.8830884850545,2090.22705078125,2835800,5814430114.807129
2015-04-27,2090.2271986172686,2156.23427327474,2060.890674859705,2082.89306640625,1614900,3399409697.8271484
2015-05-04,2068.22480537522,2156.2343715614,2068.22480537522,2119.563720703125,1064500,2233583779.8095703
2015-05-11,2361.5897053044014,2581.613670762108,2295.582539628192,2515.606689453125,9142700,22652706104.32129
2015-05-18,2530.274658203125,2552.277046535326,2427.596547112621,2508.27197265625,3596600,8975656070.361328
2015-05-25,2522.940218147255,2544.943159036075,2449.599467198989,2486.270263671875,2759100,6844383119.165039
2015-06-01,2478.936083112444,2508.2726553857856,2427.597022366811,2434.93115234375,3463300,8541352700.292969
2015-06-08,2464.26721226585,2742.964990365281,2456.933083657916,2647.620849609375,10071000,26455851111.621094
2015-06-15,2610.9503889651205,2647.621040495529,2449.599561418806,2464.267822265625,3736200,9446154485.498047
2015-06-22,2471.602002529268,2559.6110754678416,2434.9313005719864,2464.267822265625,2923600,7302317134.619141
2015-06-29,2390.9265633904824,2442.265428802398,2332.2535159311324,2339.587646484375,2992500,7127848124.169922
2015-07-06,2310.2510209517045,2317.5851511769483,2060.890494298453,2178.236572265625,4938800,10903447386.572266
2015-07-13,2148.900196797139,2310.2511706026057,2148.900196797139,2273.580078125,3745000,8386790980.688477
2015-07-20,2280.9145000507306,2288.248729520631,2207.5730502479955,2229.575439453125,2558000,5775721122.192383
2015-07-27,2207.5733400054323,2288.2483366935485,2148.9001497614304,2236.90966796875,2972100,6606399434.1796875
2015-08-03,2229.57573209851,2258.912157245711,2119.5634879938334,2244.243896484375,2419900,5325380121.582031
2015-08-10,2134.231980014855,2170.9026325924297,1994.883545803249,2038.8883056640625,5158600,10619639790.942383
2015-08-17,2031.5541510906696,2075.5589341467853,1892.2058582525144,1914.208251953125,3344800,6612212951.513672
2015-08-24,1855.5350081968495,1914.2080802030343,1701.518215373411,1892.2056884765625,6176200,11147980940.820312
2015-08-31,1855.5350081968495,1884.8715300655747,1694.184034879627,1708.852294921875,3966100,7016115383.483887
2015-09-07,1694.1842041015625,1855.534935845269,1664.8476810868167,1789.5274658203125,4746900,8437093597.668457
2015-09-14,1774.8592987060547,1855.5347136843247,1745.5227813720703,1782.193603515625,2850500,5108055410.339355
2015-09-21,1738.1889886236809,1745.5231193773673,1664.8475641800185,1730.854736328125,1332200,2277050977.8320312
2015-09-28,1701.5180836905422,1708.852213361622,1554.835524514457,1613.508544921875,3382100,5402587769.226074
2015-10-05,1642.8450927734375,1877.5372549019608,1642.8450927734375,1870.203125,5448700,9580484524.438477
2015-10-12,1848.2007122039795,1899.5396208763125,1796.8616792595244,1862.8690185546875,3195500,5894268554.125977
2015-10-19,1840.8665244810045,1928.876045579177,1774.8594037808052,1906.8736572265625,3436700,6371268570.935059
2015-10-26,1936.2102516698476,1943.5443814110208,1664.8475147951317,1716.1861572265625,4085700,7237876686.51123
2015-11-02,1694.1842041015625,1760.191257282839,1686.850073347876,1730.854736328125,2336400,4001739221.044922
2015-11-09,1767.525069360454,1774.859198278962,1664.8476810868167,1694.1842041015625,3763100,6445867493.078613
2015-11-16,1657.5133056640627,1716.186372707201,1650.179175992983,1708.852294921875,2619400,4419841490.136719
2015-11-23,1701.517931000525,1833.5324419223195,1701.517931000525,1804.1959228515625,2898200,5122569185.229492
2015-11-30,1789.5277537414297,1789.5277537414297,1694.1842041015625,1694.1842041015625,2361600,4086886040.4663086
2015-12-07,1716.1863255994072,1723.520455195986,1620.8427734375,1686.849853515625,4239700,7038389804.162598
2015-12-14,1650.1792226518903,1657.5133525303434,1591.506080557447,1598.8402099609375,3370600,5455879686.987305
2015-12-21,1584.1720203488371,1642.8449863818807,1554.8355014534884,1598.8402099609375,2403200,3807621933.59375
2015-12-28,1598.840245990501,1708.852213361622,1598.840245990501,1657.5133056640625,1832700,3050261672.229004
2016-01-04,1650.1793694603068,1694.184152645915,1525.4990234375,1525.4990234375,4095800,6550469928.173828
2016-01-11,1488.828239055595,1496.1627692798577,1371.4822533017114,1386.1505126953125,3627500,5190188457.995605
2016-01-18,1342.1460189411348,1393.484642392113,1283.4727783203125,1356.81396484375,4982400,6688122301.000977
2016-01-25,1393.4847136466735,1400.818843718498,1305.4752197265625,1378.8162841796875,4280300,5801898179.345703
2016-02-01,1408.152977748691,1415.487107841132,1224.799636389377,1334.8116455078125,6809000,8867621523.97461
2016-02-08,1312.8093288255775,1349.47998046875,1100.11960465387,1107.4537353515625,5727300,6928947727.46582
2016-02-15,1136.790211351612,1239.4681893537145,1114.7878201641613,1173.460693359375,6957800,8220395427.075195
2016-02-22,1166.126564025879,1320.143478481756,1158.7924346923828,1268.8045654296875,4621200,5789667905.786133
2016-02-29,1283.472679401266,1452.1576157003492,1239.4679018217942,1444.823486328125,3949100,5365818599.658203
2016-03-07,1444.823463517006,1503.4967255712154,1364.1481971940443,1415.4871826171875,5326900,7619201916.955566
2016-03-14,1452.1577862079323,1459.491916441306,1386.1505874713678,1437.4893798828125,2926600,4165385295.263672
2016-03-21,1466.8258512863006,1474.1602015544458,1312.8093288255775,1349.47998046875,3054800,4189441188.5620117
2016-03-28,1356.8140632875504,1394.4625244140625,1311.097791649829,1318.6763916015625,3683200,4977590111.779785
2016-04-04,1288.3622419084822,1356.5696547154018,1235.3117540147568,1295.9405517578125,4293600,5559198390.148926
2016-04-11,1311.0980693580068,1492.9843499599358,1280.783663130076,1455.09130859375,4411400,6272811640.185547
2016-04-18,1402.0414040305398,1614.241943359375,1386.884199662642,1614.241943359375,5218700,7975555572.375488
2016-04-25,1629.3991447054725,1644.5563460515698,1538.4558751032905,1576.348876953125,3468100,5546537401.77002
2016-05-02,1515.7202509236454,1546.0346704856636,1462.6700559006524,1470.2486572265625,1495100,2237817727.5634766
2016-05-09,1492.9842716600529,1508.1414723875662,1303.5193163001018,1394.4625244140625,5885400,8285142924.560547
2016-05-16,1417.1984008789063,1561.1915835859763,1394.4625976562502,1500.562744140625,4586600,6875817953.33252
2016-05-23,1500.5627167370856,1500.5627167370856,1394.462801846591,1417.1986083984375,3163800,4583880967.175293
2016-05-30,1439.9340691137563,1477.8272094726562,1386.883815456081,1402.041015625,3260100,4677638896.899414
2016-06-06,1371.7266534034245,1523.2989268854035,1364.1480531083776,1439.9342041015625,3415700,4998150297.827148
2016-06-13,1417.1986083984375,1455.0916193181818,1348.9908576837463,1409.6197509765625,3938400,5519224590.0390625
2016-06-20,1439.9341446314102,1508.1415514823718,1326.2551639856918,1348.990966796875,4389100,6288597159.448242
2016-06-27,1348.9908497827294,1348.9908497827294,1227.7333504813057,1280.783447265625,4288100,5485998774.377441
2016-07-04,1288.3622419084822,1364.1481686709972,1280.7833523220486,1311.097900390625,4124300,5445656455.126953
2016-07-11,1311.097900390625,1561.1915835859763,1311.097900390625,1523.298583984375,4283700,6455391276.647949
2016-07-18,1500.5628358422257,1553.613037109375,1470.248331912278,1492.984130859375,3882500,5868366752.026367
2016-07-25,1523.2987530048076,1523.2989268854035,1432.355638889451,1492.984130859375,3491900,5197662794.40918
2016-08-01,1477.8271484375,1500.5629507211538,1356.5694151182431,1402.041015625,3950700,5628312162.719727
2016-08-08,1439.9341446314102,1583.9276622152097,1424.7769431089744,1553.613037109375,2208200,3343801368.9208984
2016-08-15,1530.8775285116992,1591.5060645946558,1477.8272561465992,1568.770263671875,2432900,3727499961.8164062
2016-08-22,1599.0849609375,1614.2421643587086,1477.826944986979,1500.562744140625,2543100,3920199479.4677734
2016-08-29,1530.8774534328818,1629.399255716576,1523.2988521782636,1606.6634521484375,3758900,5975742753.3203125
2016-09-05,1629.3993156186996,1674.870714777166,1629.3993156186996,1659.7135009765625,3194500,5300410369.958496
2016-09-12,1636.9777453785211,1682.4493494168134,1561.191663364281,1568.770263671875,2885700,4606049120.666504
2016-09-19,1546.0344627490942,1629.399255716576,1546.0344627490942,1606.6634521484375,1463300,2323573114.51416
2016-09-26,1576.348863979469,1652.1349848994505,1523.2985693826631,1591.5059814453125,2337200,3725531518.688965
2016-10-03,1636.977699593322,1765.8140378727142,1614.2418982100812,1735.4996337890625,3162600,5367337048.583984
2016-10-10,1750.656534830729,1788.549533420139,1697.606484030837,1720.34228515625,2004100,3486670180.7373047
2016-10-17,1720.3423233695653,1811.285826815618,1674.8709946705087,1690.0281982421875,3633600,6235582994.116211
2016-10-24,1712.7636847811125,1834.0211868927256,1705.1850844059747,1803.706787109375,3638400,6497955488.378906
2016-10-31,1773.392333984375,1780.971166258718,1712.763722826087,1750.6568603515625,1822200,3201056869.2626953
2016-11-07,1773.3925905917552,1849.17841389974,1576.3489399941311,1818.864013671875,4996000,8603294131.030273
2016-11-14,1811.285621303296,1924.9643703553736,1788.5498170490507,1818.864013671875,4131300,7612907931.713867
2016-11-21,1803.7067871093748,2053.8006772813687,1788.5495872176994,1993.171875,4451000,8591701698.55957
2016-11-28,1993.1720219450176,2182.636937281469,1978.014820257223,2167.479736328125,5955100,12318414577.319336
2016-12-05,2144.744211586289,2417.5734601426952,2137.1656101319204,2402.416259765625,7839600,18170580576.293945
2016-12-12,2447.888159255744,2455.4667603679904,2296.316209824155,2356.9443359375,6427700,15342751721.069336
2016-12-19,2319.0516194143115,2379.680419921875,2243.265664193144,2266.00146484375,3882100,8951697877.441406
2016-12-26,2250.8447033898306,2311.473598859168,2205.3728645943306,2243.265869140625,3308500,7446409406.591797
2017-01-02,2266.001804413936,2372.101935135691,2243.265664193144,2266.00146484375,2780000,6396135877.880859
2017-01-09,2235.687280520044,2319.0517321134867,2220.5300786182133,2250.844482421875,3456900,7843015258.691406
2017-01-16,2243.265324004709,2326.6306032666976,2190.215638452647,2319.052001953125,3359700,7607136779.370117
2017-01-23,2319.051808215725,2500.938168569712,2296.316006174395,2463.045166015625,6500900,15717956852.490234
2017-01-30,2478.20236703726,2478.20236703726,2356.944849178814,2387.25927734375,3396200,8148055215.966797
2017-02-06,2394.837890625,2523.6737337639,2364.5235112028304,2470.62353515625,3996700,9785531078.271484
2017-02-13,2500.938207114615,3001.12548828125,2485.781005859375,2948.075927734375,12400800,35605626618.50586
2017-02-20,2917.7611792056264,3008.7045401459127,2804.08203125,2804.08203125,5617700,16240513397.753906
2017-02-27,2751.032032979607,3152.697910299511,2743.4534323377893,3099.647705078125,10988200,32802805268.9209
2017-03-06,3099.648170564919,3122.383976216984,2955.654334148378,3008.70458984375,8013300,24334564523.291016
2017-03-13,2985.96826171875,3061.7543272243106,2932.918494591346,2955.654296875,4878300,14569399362.939453
2017-03-20,2955.654517104945,2970.8117197567653,2819.2397578753357,2826.818359375,3385200,9671346737.817383
2017-03-27,2788.925036188692,3012.807819583873,2758.610633621424,2927.8310546875,4765200,13772659840.38086
2017-04-03,2927.830818486407,2927.830818486407,2672.901018612783,2703.802001953125,5832800,16136975132.861328
2017-04-10,2742.427978515625,2773.3285754566464,2502.9478846958705,2611.099853515625,5502500,14468785014.355469
2017-04-17,2587.9245104108536,2811.953872594456,2533.848475864955,2734.702392578125,5993100,15899722319.995117
2017-04-24,2765.603086991744,2981.907184381136,2703.801900690252,2904.6552734375,5428100,15671157064.96582
2017-05-01,2896.930126433677,2974.182333958743,2873.7553980068897,2943.28173828125,1975100,5789918337.988281
2017-05-08,3005.082475776177,3151.860358832196,2858.304637487365,3051.433837890625,6194200,18635669139.770508
2017-05-15,3012.807623528815,3136.409968261719,2927.830998249797,3005.082763671875,5242700,15823716639.941406
2017-05-22,3035.9832383153444,3290.9129484263126,3035.9832383153444,3236.8369140625,6734500,21385378555.76172
2017-05-29,3236.837116434488,3499.4918601296167,3182.761078689759,3399.06494140625,6931900,23342572803.271484
2017-06-05,3360.439208984375,3406.790283203125,3205.936684309745,3406.790283203125,4465600,14925015126.855469
2017-06-12,3429.9659423828125,3453.141387939453,3136.410197932545,3182.7607421875,3782700,12276189711.450195
2017-06-19,3167.311189918612,3298.638198815948,3136.410592943796,3221.38671875,3449900,11087728959.155273
2017-06-26,3221.3868523363794,3484.0419000898087,3221.3868523363794,3391.34033203125,4425700,14997943572.851562
2017-07-03,3375.8898826357467,3599.918751050067,3368.164734162896,3592.193603515625,4721500,16555670019.580078
2017-07-10,3653.995259560033,3738.971730234213,3599.919280550373,3731.24658203125,4442000,16314665477.856445
2017-07-17,3731.24658203125,3847.123736794661,3677.171076731068,3816.22314453125,2660800,10004884695.898438
2017-07-24,3800.772661052766,3908.9253165952623,3661.719821761989,3684.895263671875,3906900,14743118527.368164
2017-07-31,3708.07113742236,3769.8720703125,3553.569004196523,3700.345458984375,4489200,16598426446.63086
2017-08-07,3700.3462977255545,4380.159063387784,3692.621148878528,4248.83154296875,5616500,22816591249.70703
2017-08-14,4302.907683657904,4449.68550410584,4117.504420657,4295.1826171875,4976600,21210554520.214844
2017-08-21,4279.73198392292,4542.386881793478,4225.655948024977,4449.68603515625,4515500,19812086096.09375
2017-08-28,4449.685108695652,4542.38741103917,4387.883976208624,4441.9599609375,3071800,13710089204.296875
2017-09-04,4441.960213644463,4457.410510039748,4202.4809613676725,4372.4345703125,4228000,18485811027.197266
2017-09-11,4364.70849609375,4696.890120967742,4295.183053747755,4426.50927734375,6802100,30134159557.128906
2017-09-18,4426.50927734375,4627.363786940259,4187.030109797298,4287.45703125,4912900,21860672042.48047
2017-09-25,4287.457367271505,4581.012709550547,4256.556773633512,4503.76123046875,3855000,17031818433.203125
2017-10-02,4526.936189395179,4635.0888671875,4418.78413026287,4635.0888671875,3173000,14413220448.925781
2017-10-09,4635.0888671875,4689.165191852494,4411.059357471955,4519.21142578125,3210300,14580185419.140625
2017-10-16,4550.112355342528,4611.913541832749,4256.556539966659,4272.0068359375,5333500,23531519231.20117
2017-10-23,4295.182166067478,4434.235765652606,4264.28157494469,4387.88427734375,3395200,14832069510.40039
2017-10-30,4387.88368130388,4727.791066770663,4372.433386651401,4720.06591796875,3960700,18193411418.21289
2017-11-06,4774.142115542763,4789.592413651316,4519.211512239144,4581.0126953125,3868000,18033200911.328125
2017-11-13,5044.521436462843,5523.481254245924,4944.094516594517,5291.72705078125,8142200,43423142046.33789
2017-11-20,5291.726999533072,5469.405295822887,5260.82640391536,5322.6279296875,2021900,10810964341.748047
2017-11-27,5314.901325478645,5361.252209131076,4805.042378743489,4820.49267578125,3587000,17870598606.54297
2017-12-04,4897.7450285529785,4913.195328327593,4496.036019373421,4635.0888671875,3576800,16618084668.603516
2017-12-11,4673.71435546875,4743.240940755209,4565.563342953203,4658.26513671875,3666200,17012499075.732422
2017-12-18,4720.065169166833,5106.322905288279,4720.065169166833,5083.1474609375,3770900,18623243107.86133
2017-12-25,5083.1476640147175,5160.399385906677,4851.393337509456,5090.873046875,2821700,14316396250.976562
2018-01-01,5090.873046875,5338.076318785202,5090.873046875,5314.90087890625,1580100,8316950932.666016
2018-01-08,5314.90087890625,5523.480669281821,5276.276428483862,5492.580078125,2918700,15849602426.171875
2018-01-15,5546.655575309384,5562.105869391025,5191.299216431751,5268.55078125,2775500,14772440694.726562
2018-01-22,5199.024426582532,5206.74957431891,4774.140957743165,4874.56787109375,4390400,21967185214.84375
2018-01-29,4820.491798131029,4936.3684556427725,4642.814480340676,4890.017578125,5821400,27857030739.84375
2018-02-05,4712.340616729439,4766.416656593547,4040.25278275516,4210.2060546875,7647800,33644539426.123047
2018-02-12,4210.2060546875,4387.884264002732,3947.551154059333,4001.627197265625,6324300,25911870984.692383
2018-02-19,3986.1774200790232,4047.978620390326,3924.3750438690186,4024.802734375,4446500,17783806434.42383
2018-02-26,4086.602945167258,4248.8311144770405,3854.848627484034,3893.474365234375,6016800,24387199876.51367
2018-03-05,3816.2235512580296,3816.2235512580296,3511.079708441602,3553.568115234375,7859600,28185780440.185547
2018-03-12,3657.8570546382616,3850.986336287756,3626.956959088971,3812.360595703125,5035000,18840190497.41211
2018-03-19,3785.322409529027,3885.748957601826,3538.1175511926576,3557.430419921875,3704500,13827589586.59668
2018-03-26,3507.216966245884,3821.979764381551,3410.652622461581,3786.699951171875,5462800,19995343742.0166
2018-04-02,3810.2193014825807,3841.579131124413,3484.86178595664,3516.2216796875,3586200,12948807153.320312
2018-04-09,3469.18181335034,3935.659458277416,3406.4621421485263,3833.739990234375,5151700,19013735774.26758
2018-04-16,3869.019207580629,4006.218850443682,3614.220795406607,3982.698974609375,4784600,18459425349.243164
2018-04-23,3959.179481568375,3974.85940030726,3614.221160462541,3649.5009765625,4067200,15307950520.751953
2018-04-30,3649.5009765625,3767.09987993,3625.980633647502,3731.820068359375,1077200,3986852477.392578
2018-05-07,3763.180003894081,3967.019259874564,3594.621288750499,3935.659423828125,4629100,17490710646.14258
2018-05-14,3990.539548822248,4390.376780063291,3896.460030971822,4335.4970703125,4260000,17695817035.351562
2018-05-21,4264.937730627306,4319.817444072878,3778.860509579146,3900.3798828125,4426600,17820441514.379883
2018-05-28,3908.219162065395,3912.1391411647583,3629.900694893677,3759.260498046875,3687400,13844241957.666016
2018-06-04,3794.540137816011,4155.178137819739,3786.700178853581,4061.0986328125,3374000,13381944253.24707
2018-06-11,4006.2197265625,4068.939185281402,3861.179587954567,4037.579345703125,3055400,12118181373.31543
2018-06-18,3967.019494705042,3982.699413656445,3496.6215116721964,3676.940673828125,4929800,18128835966.57715
2018-06-25,3676.940936972128,3712.2207540646114,3527.9811932963707,3696.54052734375,3121200,11366935702.58789
2018-07-02,3696.5408353568414,3720.060713418497,3167.343773935356,3241.823486328125,5807900,19343118409.936523
2018-07-09,3284.9427405801216,3414.30197309757,3186.943538293942,3320.222412109375,4485900,14879416776.68457
2018-07-16,3320.222412109375,3371.1822150735293,3241.823082647164,3269.262939453125,2724800,9011863363.964844
2018-07-23,3245.742975460975,3512.3021308437856,3226.143078266162,3480.941650390625,2767500,9437977990.722656
2018-07-30,3500.541532628676,3531.9020185022546,3359.4225184386714,3398.622314453125,2717400,9343978597.363281
2018-08-06,3394.7022500681323,3465.2616018771573,3261.423293757467,3281.023193359375,2616600,8778809914.257812
2018-08-13,2787.105495235353,2912.544941606913,2544.066964553178,2555.826904296875,8659700,23530067585.546875
2018-08-20,2540.1466292842742,2547.986588016633,2367.6678073215016,2395.107666015625,6828700,16721042404.516602
2018-08-27,2422.5471071463944,2634.2261612537764,2418.627128008617,2497.02685546875,5133500,12960619747.11914
2018-09-03,2485.266974683078,2516.6268103257667,2256.3401621356684,2271.236083984375,5331900,12642478478.00293
2018-09-10,2275.15582197545,2387.2675068165995,2177.940453319617,2375.507568359375,5303100,12094118064.038086
2018-09-17,2375.507568359375,2642.066309772106,2300.244142555601,2598.946533203125,5488800,13613618133.203125
2018-09-24,2598.946533203125,2618.5461110638607,2473.5068803612216,2579.3466796875,4823900,12339869173.291016
2018-10-01,2610.706591653684,2759.665851449276,2547.986913776118,2622.466064453125,5849500,15548748463.500977
2018-10-08,2622.466064453125,2622.466064453125,2337.875822088068,2493.10693359375,4713600,11563282645.117188
2018-10-15,2461.746913447342,2630.3061089986013,2442.147017639641,2508.78662109375,3696700,9377571039.355469
2018-10-22,2469.5869854266825,2563.666489633413,2257.9078076824253,2288.483642578125,3956900,9376826926.513672
2018-10-29,2319.0603506019465,2583.266458742104,2319.0603506019465,2559.74658203125,4535500,11243707517.871094
2018-11-05,2547.9865294012407,2618.546156369275,2426.467086284172,2473.5068359375,4244100,10669487657.983398
2018-11-12,2073.669024962553,2152.0686100273,1835.3344608837403,1888.645751953125,11584500,22603216156.98242
2018-11-19,1874.534120793928,1929.413849003163,1817.3024673944176,1895.7020263671875,3592700,6744628090.979003
2018-11-26,1889.4301606147887,2040.7412036405856,1888.6461646975213,2032.9012451171875,3786600,7524045973.913574
2018-12-03,2068.1812521001343,2120.708979124664,1883.942164326144,1913.7340087890625,4612300,9315140769.65332
2018-12-10,1897.270326445135,1928.629925559687,1809.4624213812797,1842.39013671875,4571700,8530931700.427246
2018-12-17,1842.390376797308,1885.5102188584144,1694.215037794674,1705.9749755859375,5380500,9625407179.589844
2018-12-24,1705.9749755859375,1814.1664160928235,1574.2638951700433,1785.1585693359375,4459600,7591005228.137207
2018-12-31,1785.1585693359375,1785.1585693359375,1656.5834858100488,1721.6551513671875,1411900,2430804908.215332
2019-01-07,1821.2222700040131,1881.5902046535325,1792.9984207917255,1869.8302001953125,5203500,9553607525.061035
2019-01-14,1852.5825405971564,1958.4219305177155,1842.390592637883,1951.365966796875,3478600,6616797317.858887
2019-01-21,1988.2135627094008,2025.8452588862992,1887.078024719013,2007.8133544921875,4005200,7874750849.499512
2019-01-28,2028.1974759615384,2065.045548722551,1927.8459658191343,1963.9095458984373,4109900,8116961448.193359
2019-02-04,1955.2861052929304,2035.2534616840817,1889.4300733383216,1911.3819580078125,4229000,8374162639.379883
2019-02-11,1861.9899982634188,2110.516568421239,1797.7023435865344,2007.0294189453125,6049800,12315584734.204102
2019-02-18,2084.645263671875,2151.284772523454,2051.717273811425,2108.948974609375,3725300,7835226389.526367
2019-02-25,2148.1488523865305,2198.324306208643,2108.165188849692,2144.22900390625,4160600,8930150129.248047
2019-03-04,2170.884628661765,2235.956287809084,1975.669564342047,1985.0775146484373,4922200,10441359264.074707
2019-03-11,1986.6457668420765,2126.197049672104,1959.2059081840368,2074.453125,2589200,5340193544.189453
2019-03-18,2094.053145788917,2308.084100204499,2088.5651742349964,2300.244140625,3657400,8181894493.383789
2019-03-25,2238.3083760100208,2321.107462877668,2170.100730226178,2280.935791015625,3323500,7503614222.290039
2019-04-01,2321.1071762335105,2570.9735,2320.303746958248,2478.5791015625,4526900,11082945514.746094
2019-04-08,2518.750966156506,2526.7852595094773,2345.2097560781567,2366.90234375,2583300,6223709052.636719
2019-04-15,2450.4590968081825,2506.6991416529604,2383.7743786397677,2490.630615234375,3230300,7895532756.958008
2019-04-22,2498.664571841304,2522.7674455246606,2243.9774935620217,2310.662109375,4368100,10449367657.592773
2019-05-06,2252.0122277635437,2256.832803349195,1977.2393517127405,2095.34326171875,8201600,17031577733.740234
2019-05-13,2067.2234075028764,2117.0360197318614,1957.1539167290955,2053.565185546875,7046300,14691825085.15625
2019-05-20,2056.7790904471544,2077.6682530845083,1743.4414621920105,1781.20263671875,7774700,14520920910.791016
2019-05-27,1772.3649438006632,1867.972814145296,1724.1591421274038,1847.8870849609373,6153800,11109200627.441406
2019-06-03,1807.7156803270643,1967.598172445969,1807.7156803270643,1949.9227294921875,5668400,10781957255.639648
2019-06-10,1976.4358468020575,2025.4449158572424,1949.1190427514728,2001.342041015625,4205500,8340956679.150391
2019-06-17,1978.0428189729391,2084.095459174516,1929.0335228522088,2063.206298828125,4575900,9226156099.890137
2019-06-24,2050.351393494274,2113.019062978744,2042.3171012000173,2069.6337890625,2922100,6042566485.668945
2019-07-01,2129.087874844047,2129.087874844047,1974.025579127468,2067.2236328125,4836500,9927390538.15918
2019-07-08,2047.1376575448896,2047.941086766846,1929.8368607627888,1998.931884765625,4346800,8637826881.506348
2019-07-15,2006.966003058233,2097.7536993063613,1999.7351407573824,2068.830322265625,3487600,7156847748.291016
2019-07-22,2085.70207785884,2100.967231741474,1981.256606822386,1998.931884765625,3475700,7089841633.972168
2019-07-29,1997.3253955236787,2071.2406862887715,1911.358060554252,1914.57177734375,3838700,7616805771.533203
2019-08-05,1884.041569668562,1908.9479610433425,1785.2198524572,1798.074462890625,4388000,8111494329.638672
2019-08-12,1761.1168679961877,1805.3055236320183,1683.1841243684237,1753.0826416015625,3033800,5317329696.838379
2019-08-19,1763.527317531665,1776.382186361053,1715.3214485093904,1733.80029296875,2974500,5172544778.527832
2019-08-26,1679.9705247946856,1801.2880844040908,1672.7396617037473,1790.843505859375,3777300,6544997384.558105
2019-09-02,1784.416362816947,1907.3406476479388,1767.5443485804967,1894.4859619140625,3328200,6180557018.212891
2019-09-09,1896.092998798077,2103.377497279229,1882.4347017728364,2099.3603515625,3706600,7496082905.603027
2019-09-16,2075.257477262127,2133.1043755830224,2038.3000840824084,2055.975341796875,2797500,5815732519.873047
2019-09-23,2052.761482638419,2097.75415454621,2000.5385034981573,2050.351318359375,2405500,4939951636.853027
2019-09-30,2047.941555813626,2098.557147453367,2002.145427010824,2034.2825927734373,2809200,5765077339.294434
2019-10-07,2066.420025826639,2137.121280077536,2006.162721026207,2130.69384765625,2921200,6061362599.084473
2019-10-14,2201.396203608782,2238.3539860767464,2147.566795628555,2222.285400390625,3331300,7293005801.098633
2019-10-21,2222.2855272743677,2430.37353515625,2211.0375166518647,2430.37353515625,3812300,8895945335.57129
2019-10-28,2498.6652666110435,2550.8876953125,2362.0821744362643,2438.407958984375,3819500,9459194817.993164
2019-11-04,2506.6990147844144,2647.299108102781,2494.647577213336,2627.21337890625,2916400,7530345767.7734375
2019-11-11,2603.110593011811,2627.213468873032,2142.745977342743,2188.541259765625,8339800,18655710558.666992
2019-11-18,2192.55827386641,2217.464807303101,2149.1731896663387,2177.293212890625,3904500,8506634478.90625
2019-11-25,2206.216795818114,2293.791007941032,2198.1825030438317,2210.233642578125,3688700,8234165825.634766
2019-12-02,2201.396537429826,2228.7129108297413,2148.3697605267425,2213.44775390625,2798800,6146178206.860352
2019-12-09,2250.405534627293,2400.646444780132,2240.764382747419,2358.064697265625,4302500,9986515895.385742
2019-12-16,2377.346747045359,2377.346747045359,2262.4569733592098,2280.132080078125,2623100,6040888341.577148
2019-12-23,2287.363132009618,2398.2362906533995,2242.3715247507603,2386.98828125,3497800,8089812898.6328125
2019-12-30,2378.953932066785,2378.953932066785,2321.9104571675143,2349.22705078125,616600,1448533399.5117188
2020-01-06,2313.8762390576726,2371.723087972284,2242.371018299289,2281.739013671875,3345200,7731355345.776367
2020-01-13,2312.269752067225,2350.030932868879,2246.3879975982773,2293.79052734375,2805600,6434112816.479492
2020-01-20,2294.593955592105,2336.3722769124097,2150.779844322753,2178.096435546875,3632800,8133351780.834961
2020-01-27,2113.0188364096352,2159.6176934299697,2066.420124634296,2116.23291015625,3428000,7260428438.183594
2020-02-03,2036.693298904984,2191.754976921562,2024.6418592664927,2160.4208984375,2547300,5421879780.224609
2020-02-10,2120.249943304711,2367.705921894216,2108.1985036875944,2295.397216796875,4565200,10238570965.74707
2020-02-17,2282.5424616887017,2450.459172175481,2243.977729492188,2402.25341796875,4167000,9743992104.199219
2020-02-24,2281.7392737882874,2313.876446658545,2032.67604245878,2080.078369140625,5169300,11327770763.916016
2020-03-02,2034.282790185144,2097.75353725116,1850.2974578923047,1867.972900390625,6229300,12258183831.103516
2020-03-09,1767.5442332141806,1772.3648083956737,1369.846812197121,1409.21484375,9170900,14537450387.438965
2020-03-16,1441.3520709436716,1465.454948384201,1222.8193996058535,1247.7257080078125,6154000,8043271038.110352
2020-03-23,1254.153102579854,1603.6449041892224,1213.9816386919665,1516.874267578125,7025000,10249131180.004883
2020-03-30,1460.1375772367237,1559.427001885571,1387.5479402294116,1425.9287109375,3817900,5576555390.576172
2020-04-06,1410.9102481928978,1637.0229678199405,1382.5418576319526,1576.94873046875,4048800,6250414211.791992
2020-04-13,1559.427145838284,1596.9733491333775,1499.3526855064767,1591.9671630859375,4333400,6760040713.549805
2020-04-20,1560.2613992620843,1597.807720542973,1511.8682817302763,1561.9300537109375,3745000,5839512816.271973
2020-04-27,1589.4641344125262,1741.3185043111662,1583.6235837873885,1678.7412109375,3459900,5785389379.23584
2020-05-04,1645.366559184298,1757.1712570448306,1639.5260085178224,1727.968505859375,1702600,2903751938.232422
2020-05-11,1757.1714192480058,1809.7363762340567,1664.5568251162622,1690.422119140625,3411500,5933662918.994141
2020-05-18,1720.4594269550491,1833.098707544748,1657.882095712746,1777.1962890625,3125300,5525439323.608398
2020-05-25,1833.9329441933735,2064.217370846633,1806.3989190985687,1937.3941650390625,5160600,9971392793.762207
2020-06-01,1894.007125454195,2045.8610464633875,1841.442169990048,2024.1680908203125,5311500,10371099775.024414
2020-06-08,2065.8862834101674,2088.414122526514,1797.2211187181867,1874.8170166015625,4266600,8383867973.876953
2020-06-15,1871.4792835884352,1995.799388820842,1836.4359800170064,1931.5537109375,3259700,6306562976.782227
2020-06-22,1907.3570605081225,1938.2285415187023,1796.3864688978283,1843.111083984375,3453400,6436529485.693359
2020-06-29,1801.392723430765,1865.6387229793904,1758.0058040372105,1816.4112548828125,2581500,4685018489.51416
2020-07-06,1798.889394653978,1910.6941078786404,1793.8832089545697,1873.1480712890625,2933800,5476047408.483887
2020-07-13,1924.0442211664515,2052.5364462719867,1921.5411280773365,1952.4129638671875,3480600,6873748763.171387
2020-07-20,1967.4311680444464,2014.989735925482,1939.062779701142,1993.2962646484373,1275600,2528085654.223633
2020-07-27,1944.90317785434,2007.480597619165,1836.436168333911,1843.111083984375,2319300,4455945885.302734
2020-08-03,1879.8230257038535,2049.198733272662,1866.473195073023,1947.4063720703125,3511000,6899164067.614746
2020-08-10,2197.7159084276223,2244.440316503532,2138.4758264836487,2153.494384765625,4199500,9140052801.489258
2020-08-17,2163.5069540946906,2163.5069540946906,2064.217549910589,2088.4140625,1956000,4121085075.5859375
2020-08-24,2088.414173268412,2167.678646491342,2049.1990449649297,2105.101318359375,2562800,5422108135.27832
2020-08-31,2144.3164656562744,2237.7652490325986,2115.113708067944,2223.5810546875,2376500,5195133806.542969
2020-09-07,2234.42788855012,2329.545201502732,2227.7529732743915,2288.6611328125,3231100,7397659952.856445
2020-09-14,2311.189427853839,2331.214173799143,2228.587262303235,2244.440185546875,2411600,5486672656.811523
2020-09-21,2209.3967300883382,2219.409101976956,2115.113657410242,2142.6474609375,1717800,3703798159.423828
2020-09-28,2175.187823283577,2202.721877705367,1999.9715499122544,2022.4993896484373,2650400,5564990072.86377
2020-10-05,2064.2172327553358,2163.506762427656,2044.1927704630016,2119.28564453125,2350500,4937173006.0546875
2020-10-12,2103.4325106251245,2119.2854908927143,2048.364310220168,2060.04541015625,1846700,3851682490.258789
2020-10-19,2090.91695898284,2274.476916679644,2080.9045617055085,2260.292724609375,3535900,7736753876.806641
2020-10-26,2258.624608520864,2334.5517972642097,2166.0100648765806,2181.86279296875,3237100,7321574621.508789
2020-11-02,2184.3657486979164,2302.845298365543,2171.850284133184,2282.820556640625,2055100,4609110618.481445
2020-11-09,2334.5516722374355,2582.357466555944,2315.361290371295,2454.699951171875,4930900,12056965061.743164
2020-11-16,2519.7802734375,2553.1547924440297,2386.282299213344,2411.313232421875,2756200,6817542845.947266
2020-11-23,2469.7186534831844,2536.4675062189053,2403.80382678268,2515.6083984375,2356900,5826324844.311523
2020-11-30,2536.467933886917,2653.278734188988,2460.5407687606967,2628.247802734375,2936500,7492066630.615234
2020-12-07,2674.1376262823237,3037.086285581683,2607.388481164512,2936.96240234375,6090700,17289334019.458008
2020-12-14,2945.306248365586,3237.333642258987,2932.790782720973,3191.443603515625,4257200,13174581607.861328
2020-12-21,3220.646079273001,3258.192471388877,2941.1342163941968,3149.7255859375,3892500,11961958809.79004
2020-12-28,3170.584695778145,3203.959271523179,3099.663504188939,3158.069091796875,1415100,4471098709.741211
2021-01-04,3149.7255859375,3416.722114842795,3053.7736806705298,3412.55029296875,4731400,15466518537.402344
2021-01-11,3299.9108735828377,3475.1276643172555,3274.879944073992,3291.5673828125,3332100,11243530763.03711
2021-01-18,3199.787365081826,3375.0037463166877,3178.928255791853,3295.739501953125,2815900,9328018751.342773
2021-01-25,3337.457645988228,3366.660400390625,3020.3990849595943,3032.91455078125,4287200,13534445045.825195
2021-02-01,3012.055593381682,3266.5363941865808,3003.7119490786854,3183.10009765625,2674400,8515220710.961914
2021-02-08,3237.333586879711,3441.753077838575,3095.491438886744,3166.4130859375,4705500,15264635488.061523
2021-02-15,3195.6157680476013,3283.2236991586137,3053.773892609969,3070.461181640625,4811800,15193723683.691406
2021-02-22,3153.897355363176,3266.5365466261464,3062.117125642268,3095.49169921875,4118800,13038983335.083008
2021-03-01,3116.350776733725,3187.27197265625,2907.7600568329576,3007.8837890625,4780000,14688623708.935547
2021-03-08,3062.117042316795,3074.632507067409,2891.072729183149,3020.39892578125,4280800,12790331276.464844
2021-03-15,3057.9453125,3145.5535821672106,3032.914435030654,3137.210205078125,3397300,10504797121.411133
2021-03-22,3137.2105046039765,3279.052012322032,2978.680844631882,3241.505615234375,6497500,20541962568.188477
2021-03-29,3316.598214196056,3356.567884883464,3203.0272168227784,3288.327392578125,4603800,15039239055.859375
2021-04-05,3288.327488313472,3429.0732606364136,3279.7974559183654,3318.1826171875,3759200,12619527694.799805
2021-04-12,3360.832937047101,3360.832937047101,3104.931755201228,3181.701904296875,3978800,12695794782.56836
2021-04-19,3198.7624629851307,3215.822529454385,2981.2465630922734,3058.016845703125,4166200,12886312045.605469
2021-04-26,3075.076763882663,3215.822407574866,3066.5467312505334,3168.9072265625,2253200,7098185939.013672
2021-05-03,3237.147433215726,3416.2779617692954,3207.292318548387,3394.952880859375,2839100,9517876853.930664
2021-05-10,3420.54342771044,3518.638812794405,2887.4161358948654,2891.68115234375,9429900,29471884133.496094
2021-05-17,2913.006275828292,2917.271292337557,2708.285148251633,2733.875244140625,5025000,14031759784.91211
2021-05-24,2733.875749392156,2767.995883549936,2640.045166015625,2738.140869140625,4057600,10939468115.893555
2021-05-31,2746.6707701410355,2810.6457757994185,2674.165391795643,2704.0205078125,3700200,10067876179.003906
2021-06-07,2708.28515625,2802.1156265258787,2678.43040836948,2712.55029296875,3171200,8607496690.771484
2021-06-14,2704.020021849041,2721.080085078372,2555.5975039450536,2576.069580078125,3213300,8491399775.170898
2021-06-21,2499.2993833733703,2708.285524386337,2499.2993833733703,2704.0205078125,4494800,11630137126.049805
2021-06-28,2708.28515625,2725.345220226378,2597.3947643113097,2631.514892578125,2406500,6373521566.674805
2021-07-05,2631.515252882434,2665.6353858209422,2507.8298055959303,2567.5400390625,2725600,7085546867.529297
2021-07-12,2601.66015625,2678.43006056882,2593.1301229508194,2657.10498046875,2336800,6147984662.353516
2021-07-19,2614.454839596803,2614.454839596803,2542.8025867455767,2563.27490234375,2198100,5643442528.78418
2021-07-26,2605.924807493714,2699.7551406688904,2588.864743287536,2648.574951171875,2575400,6804439026.5625
2021-08-02,2682.695556640625,2695.490606990262,2605.924796378013,2631.514892578125,2023300,5368356766.113281
2021-08-09,2857.561155225409,3092.1362390051354,2819.176005379098,3049.486083984375,7489300,21982117474.58496
2021-08-16,3062.281633304234,3062.281633304234,2708.285148251633,2733.875244140625,3922500,11238305403.222656
2021-08-23,2750.9354386239684,2861.825454362476,2704.020260600924,2742.405517578125,2759400,7587599149.34082
2021-08-30,2785.055528715658,2895.946048167467,2738.140362940797,2887.416015625,4512700,12819331059.936523
2021-09-06,2972.7163213500094,3036.6916538292253,2925.8011426773405,2998.306640625,3916600,11707851793.847656
2021-09-13,3011.101538764106,3100.6668819851348,2857.561031523205,2866.091064453125,4325200,12853699056.958008
2021-09-20,2759.465681494736,2823.4411845763034,2691.2252059936523,2780.791015625,2836900,7843640011.05957
2021-09-27,2785.055414719487,2836.2353608808444,2601.659785857208,2614.454833984375,3929700,10646846823.242188
2021-10-04,2648.575355909988,2691.2252467649378,2521.477851046824,2618.719970703125,3812700,9909713971.020508
2021-10-11,2631.515000608402,2853.2958984375,2622.984968191519,2853.2958984375,4204000,11547185930.297852
2021-10-18,2913.005952314897,3053.7517124037117,2793.585558052522,2831.970703125,6299100,18636360843.70117
2021-10-25,2810.645735531109,2917.271126254142,2738.140846673696,2780.791015625,3072000,8674978030.34668
2021-11-01,2823.4406650566057,2861.825712559587,2721.0804324127907,2750.935546875,2525800,7036493629.418945
2021-11-08,2746.6702920851208,2810.6455345571694,2524.889736344108,2669.900146484375,5777500,15386917248.901367
2021-11-15,2665.6350016405013,2712.550177669374,2588.8647349784046,2618.719970703125,3187300,8409843811.425781
2021-11-22,2588.8648570306136,2682.6954562980377,2559.0098786157023,2580.3349609375,2458400,6422713059.448242
2021-11-29,2524.8895761117687,2588.865156050021,2474.562812812895,2553.891845703125,3642100,9176571669.750977
2021-12-06,2556.4507349702817,2635.780163953816,2535.125653764323,2580.3349609375,2553600,6594782419.628906
2021-12-13,2593.1299994885435,2652.8399783658747,2551.3323681883558,2614.454833984375,2458500,6386133466.479492
2021-12-20,2571.805055738684,2686.960217638414,2503.5646716735127,2652.840087890625,3689800,9596545580.395508
2021-12-27,2661.370389344262,2686.960087096292,2588.8651063012294,2674.1650390625,1935900,5103999908.056641
2022-01-03,2695.489990234375,2755.200563226744,2669.899895390378,2716.815185546875,2220100,6040819910.766602
2022-01-10,2721.08056640625,2870.3560845673974,2695.490467035658,2866.091064453125,3347500,9428893221.386719
2022-01-17,2883.151402698864,2887.4164195667613,2640.0448951303306,2725.34521484375,3846200,10604590700.854492
2022-01-24,2682.6956490489924,2797.8506041343167,2618.720083899182,2708.28515625,4119800,11097837204.077148
2022-01-31,2669.9005982586154,2785.0554251883905,2665.63558132849,2763.73046875,2829800,7772896717.3828125
2022-02-07,2772.260981834739,2904.4760807099337,2746.670530523256,2887.416015625,3731300,10567368387.74414
2022-02-14,2891.6810286554214,2934.330941400514,2819.175752125713,2904.475830078125,3841400,11081872763.52539
2022-02-21,2866.0912006578947,2870.3562173255405,2763.730096016221,2819.175537109375,2529900,7118934994.40918
2022-02-28,2844.7653754179046,3117.727108246589,2823.440297641159,2989.776611328125,4355100,12849946433.007812
2022-03-07,3049.4867240665294,3062.281773258417,2699.7555861789992,2759.4658203125,4681500,13167452552.783203
2022-03-14,2780.7906477316237,2989.77637987013,2644.3098028273807,2955.65625,5229600,14656222366.870117
2022-03-21,2981.2464547442573,3070.811767578125,2955.656366808661,3070.811767578125,2733100,8233952685.083008
2022-03-28,3058.016649537732,3066.546682032956,2910.924214529387,2954.96240234375,2814600,8306860865.991211
2022-04-04,2963.769929320931,3021.019642650463,2814.0399897794546,2906.5205078125,2781100,8121580472.949219
2022-04-11,2950.558419206024,3047.4424225563225,2910.9240523808685,2999.000244140625,2553400,7576915091.015625
2022-04-18,2976.9814352151034,3104.6920129024625,2941.7509358723955,2959.3662109375,2330800,7021627244.775391
2022-04-25,2849.270681398724,2924.1357836174243,2739.1751337798783,2906.5205078125,3471500,9864657498.168945
2022-05-02,2893.3086621093757,2941.7507921662577,2827.25138671875,2915.327880859375,1047400,3026658112.0117188
2022-05-09,2884.5013229015262,2893.3089605287064,2611.4642967771806,2765.59814453125,5697000,15531570896.435547
2022-05-16,2752.386769940776,3016.61606105827,2699.540943957913,2976.981689453125,3965200,11331200717.089844
2022-05-23,3007.8081967498147,3065.057646780303,2941.750915708457,2981.38525390625,3459400,10389567364.404297
2022-05-30,3016.6157426736368,3091.4807842007644,2968.1739181274943,3060.654052734375,2536700,7671744437.6953125
2022-06-06,3043.038604026617,3109.0959876079505,2981.385174070484,3016.61572265625,2256500,6887791278.735352
2022-06-13,2954.9624330440683,2990.192983661583,2756.7904079520963,2809.63623046875,2810100,8106097683.642578
2022-06-20,2818.444,2862.482063137755,2717.1560700664368,2796.4248046875,2342900,6537594678.271484
2022-06-27,2853.6748152530918,2888.905368527821,2730.367625,2752.38671875,1985000,5592355385.180664
2022-07-04,2756.790740044962,2831.655353407972,2618.510081321315,2725.963623046875,2805600,7631939496.411133
2022-07-11,2765.598247244134,2774.405884974211,2632.6028182073933,2655.50244140625,2516200,6731417537.866211
2022-07-18,2699.5407516355435,2778.809335859995,2681.925477562881,2756.79052734375,1558400,4280534424.682617
2022-07-25,2774.405546781549,2809.636516197999,2747.982636812201,2792.021240234375,1358000,3775076575.5371094
2022-08-01,2809.635976776457,2831.655067503545,2677.521869943366,2765.59814453125,1945400,5372001261.303711
2022-08-08,2774.4054982632024,2853.6744158992947,2681.9256485819437,2809.63623046875,2484500,6889675588.40332
2022-08-15,2836.059591608256,2880.097226743345,2778.8095303272635,2853.67431640625,1788300,5066638779.003906
2022-08-22,2814.0399509006074,2928.539644566978,2809.636132511092,2897.712646484375,1417100,4077653555.444336
2022-08-29,2836.0594864359664,2919.731964666193,2734.771696824293,2747.983154296875,2390500,6753011614.794922
2022-09-05,2752.386920971408,2840.463155268881,2743.5792828242998,2831.655517578125,1616600,4525845929.638672
2022-09-12,2862.4822288335754,2875.693398497689,2730.367625,2752.38671875,1578400,4424430328.295898
2022-09-19,2792.020986097441,2827.251534817913,2712.7526010366587,2747.983154296875,1029000,2853028919.3359375
2022-09-26,2708.3484793181465,2739.1754072473404,2641.410445586906,2677.521240234375,2813000,7534791316.064453
2022-10-03,2642.291199334777,2765.5981954755216,2615.868287341429,2708.348388671875,2059100,5599276555.810547
2022-10-10,2686.329169581779,2695.1368062033584,2619.391241940004,2659.906494140625,1698800,4494271040.283203
2022-10-17,2633.483349852301,2681.925577463197,2615.868302469055,2619.391357421875,1730200,4580171046.044922
2022-10-24,2664.310343356775,2690.733255852875,2623.795166015625,2623.795166015625,1689400,4468937207.373047
2022-10-31,2637.8876636796617,2703.944590034921,2635.245372196844,2699.540771484375,1621000,4341910271.948242
2022-11-07,2739.175282779896,2792.020820094448,2703.9449627216045,2761.194091796875,2462000,6791535832.055664
2022-11-14,2770.0020661091726,2778.809335859995,2712.752420863673,2734.771240234375,1892500,5190578030.908203
2022-11-21,2756.7905071282844,2792.021250647956,2747.9828697253183,2787.617431640625,1126900,3120865172.5341797
2022-11-28,2796.42490625,2814.039862524105,2717.1561587397664,2765.59814453125,2707800,7484770874.169922
2022-12-05,2774.405964270751,2866.886047647166,2770.001893147145,2840.463134765625,2091900,5886368993.334961
2022-12-12,2836.059409087559,2844.86704700398,2765.5978713723257,2778.809326171875,1572000,4395228064.868164
2022-12-19,2774.4058022788536,2778.8096210126296,2668.7140812615457,2681.925537109375,1933400,5239655091.455078
2022-12-26,2699.5409642685577,2743.5789167753496,2690.733326538481,2717.156005859375,1253600,3412741514.892578
2023-01-02,2708.348684842469,2717.156045686557,2681.9255071901807,2699.540771484375,971300,2615888579.4433594
2023-01-09,2743.579051023836,2950.558469824516,2725.963776217904,2880.097412109375,2351400,6692826241.821289
2023-01-16,2862.4819927334047,2946.15487837358,2822.8476266801727,2919.731689453125,2089900,6013296346.459961
2023-01-23,2946.154531177122,3038.634805484694,2924.135439015858,3021.01953125,2163200,6460110611.05957
2023-01-30,3021.019765084834,3065.0579332592524,2941.7507127448694,2950.558349609375,2705400,8135277537.792969
2023-02-06,2985.7888970673976,2990.19271549965,2814.040391044383,2915.327880859375,3079500,8945532468.21289
2023-02-13,2906.5200485159817,2972.57763671875,2871.2895024733634,2972.57763671875,1454200,4252038383.8867188
2023-02-20,2981.38525390625,3051.8463016633063,2963.7699791416635,2985.789306640625,1486400,4473316218.920898
2023-02-27,2994.596435546875,3095.88461330095,2954.96240234375,3047.4423828125,2081300,6285719573.803711
2023-03-06,3065.057861328125,3073.865498860677,2963.7699992766206,2972.57763671875,2002700,6056056551.196289
2023-03-13,2941.750772131495,2941.750772131495,2765.5983262889395,2792.021240234375,2691300,7658386036.71875
2023-03-20,2770.001689638842,2849.2705672289394,2761.1940531058094,2822.84765625,1395700,3919960832.2265625
2023-03-27,2853.6748152530918,2984.9027762168303,2822.848081137703,2957.307373046875,2743300,7986792014.6484375
2023-04-03,2975.704214184646,3007.8989831373165,2879.1202677861684,2915.91455078125,2007600,5895544352.587891
2023-04-10,2938.910117033711,2998.7005338742297,2920.51318359375,2984.90283203125,1762000,5211763433.374023
2023-04-17,2984.90283203125,3003.2996732559677,2957.307428345291,2980.303466796875,1581200,4730057668.188477
2023-04-24,2971.10498046875,2998.7001907276995,2897.517166376861,2971.10498046875,1619400,4780598003.417969
2023-05-01,2994.101318359375,3021.696495067836,2980.303616431452,3003.299560546875,703800,2110549756.9824219
2023-05-08,3003.29985914679,3072.287969821837,2805.532489851409,2814.73095703125,3833200,11160638862.011719
2023-05-15,2874.5213891290555,2929.7119897769976,2833.1280048076924,2906.7158203125,2551700,7380272603.100586
2023-05-22,2911.3150542053995,2929.711971028646,2874.5210529696164,2888.319091796875,1578200,4577920141.40625
2023-05-29,2915.914325066333,2952.7081966760024,2800.933611730897,2879.120361328125,2418800,6917415367.285156
2023-06-05,2929.712083136017,3025.375438952246,2900.276946793741,2985.822509765625,2300500,6800078224.926758
2023-06-12,2989.502121523653,3323.4061167518366,2987.662427910408,3294.890869140625,4830100,15572741219.555664
2023-06-19,3307.768871410473,3308.688718148908,2990.421706752998,3015.257568359375,3191500,9865873850.463867
2023-06-26,3038.253944015156,3075.9676623635123,2993.181582645328,3043.77294921875,2200200,6672499507.373047
2023-07-03,3058.490216764138,3132.078181071618,2967.4254817868687,2987.662109375,2367000,7222184276.049805
2023-07-10,3017.097431863805,3028.135593199892,2937.9901790374747,2957.307373046875,1842200,5457051689.550781
2023-07-17,2965.5860314585275,2995.940918119268,2943.509727854024,2949.02880859375,1346500,3993452557.1289062
2023-07-24,2964.666221435095,3063.0897311601634,2963.746374639738,3050.2119140625,2126900,6453036791.308594
2023-07-31,3079.646747854936,3133.9175892176813,3026.2957487411363,3048.3720703125,2600100,8003956132.666016
2023-08-07,3027.2157829925877,3255.337646484375,2981.223051928771,3255.337646484375,3698300,11621745819.458008
2023-08-14,3242.460090966673,3287.532131519586,3095.284661562728,3180.830322265625,2913300,9347600000.390625
2023-08-21,3176.230955772793,3418.150634765625,3161.51340717958,3418.150634765625,3236200,10745195354.418945
2023-08-28,3424.5894681490386,3509.215312909477,3376.7571215892563,3488.058837890625,3012600,10334500023.388672
2023-09-04,3532.21144416841,3580.043437469711,3465.063025284016,3471.501953125,2373000,8345684160.913086
2023-09-11,3477.9405237511746,3747.455602881443,3465.062669391874,3694.1044921875,3171300,11520505211.450195
2023-09-18,3709.741962139423,3780.570278825431,3570.845512156106,3598.44091796875,3067200,11267802519.238281
2023-09-25,3662.829833618895,3690.425236684833,3537.813441951787,3553.732666015625,2831500,10249730323.80371
2023-10-02,3587.4434905005937,3652.056803172101,3358.019456317088,3429.187744140625,2390300,8254383013.452148
2023-10-09,3494.7375298884167,3572.461031671272,3479.7548872740863,3484.43701171875,1810200,6365812018.1640625
2023-10-16,3515.3389371266467,3598.680749967422,3480.691218278104,3522.830078125,2216100,7811880368.603516
2023-10-23,3493.8010438051247,3619.282123440132,3433.869854632376,3613.66357421875,1882700,6674954142.919922
2023-10-30,3614.600102077943,3692.323281839109,3561.2239586299547,3596.80810546875,1917500,6950614108.374023
2023-11-06,3645.502022888371,3683.895428831349,3487.2461546381624,3568.71533203125,1994300,7149238115.551758
2023-11-13,3689.513737783686,4161.471763455841,3688.577312977141,4141.806640625,5309200,21367920614.501953
2023-11-20,4129.633370568295,4274.77954717588,3988.233109612421,4230.767578125,2376000,9782985741.552734
2023-11-27,4251.368717577951,4282.270736890743,4171.772611935581,4263.5419921875,2808900,11905911372.851562
2023-12-04,4245.7507102856025,4318.791856161712,4098.731272971413,4120.26904296875,2436200,10276295287.304688
2023-12-11,4174.582111089059,4174.582111089059,3908.6374268217382,4044.418701171875,2971000,12047866189.42871
2023-12-18,3960.140296861342,4122.141831752232,3928.30187687159,3947.966796875,2024600,8140662837.475586
2023-12-25,3993.852032377245,4082.81223192402,3927.365867242712,4059.401611328125,1136500,4570397465.209961
2024-01-01,4045.355724897541,4152.10750561192,3995.725203272641,4138.99755859375,604200,2492562593.701172
2024-01-08,4148.361948699199,4341.265333687899,4126.824177859452,4254.17822265625,1475000,6239741585.986328
2024-01-15,4300.999111647181,4474.237498497917,4300.998918083075,4426.48046875,1579700,6924474587.207031
2024-01-22,4480.792648190331,4484.538347373771,4270.097450746189,4314.109375,2062800,8973559574.609375
2024-01-29,4322.5366672924265,4506.076416836266,4216.721170648708,4457.38232421875,2978200,12966665169.970703
2024-02-05,4499.521436642217,4591.2910726028695,4047.227705754686,4109.03173828125,3907700,16814922290.283203
2024-02-12,4120.269053906077,4228.894328963601,3996.6613616978807,4051.91015625,2553800,10509329342.675781
2024-02-19,4045.355045610034,4177.391192975961,4035.99079781927,4159.59912109375,1858400,7651293641.40625
2024-02-26,4194.246720972171,4247.622935103766,4060.338148737359,4074.384521484375,2410700,9957880302.612305
2024-03-04,4120.269719803051,4417.116004948823,4050.037469783395,4306.61767578125,3458500,14618426789.990234
2024-03-11,4210.1664115472295,4253.24149712307,3940.475694546066,4105.2861328125,3995500,16290644828.344727
2024-03-18,4157.726569354573,4422.734162401555,4147.425895421487,4406.81494140625,2277800,9877623907.080078
2024-03-25,4415.243216595117,4496.451107611154,4270.097419610017,4493.5986328125,1996300,8730122304.736328
2024-04-01,4473.632004467006,4606.747380531359,4249.237342742351,4542.09130859375,2968000,13232371519.873047
2024-04-08,4544.943897605689,4856.814527991559,4504.058419028901,4763.6337890625,2834900,13394001155.078125
2024-04-15,4760.781294882995,4918.61826211898,4623.862195893792,4707.53466796875,2664900,12619269567.919922
2024-04-22,4734.158016504936,4809.273196923472,4458.418776220205,4625.763671875,2433200,11203830088.03711
2024-04-29,4678.059129208182,4744.61688104651,4605.796705774723,4653.337890625,938800,4386355083.984375
2024-05-06,4706.583984375,4864.420630667258,4653.33785844148,4823.53515625,1738700,8275684259.5703125
2024-05-13,4806.420854553625,4818.781580786898,4489.79545892392,4607.69775390625,2889000,13449091747.753906
2024-05-20,4621.009653394048,5005.142581181534,4580.124145120595,4806.4208984375,3014500,14546466832.714844
2024-05-27,4763.63335844622,4961.405024823343,4725.600357580382,4826.3876953125,2495300,12095289046.191406
2024-06-03,4846.355474444524,4895.798379029792,4590.583327418439,4739.86279296875,1794000,8464030361.71875
2024-06-10,4673.305004076873,4739.862755915201,4474.582947945838,4668.55126953125,1861200,8618899271.484375
2024-06-17,4606.747542055686,4833.043703196738,4513.566683619884,4729.40380859375,2497400,11733041257.8125
2024-06-24,4747.469205098055,4977.569245863434,4621.960305624203,4886.2900390625,2084000,10039006470.3125
2024-07-01,4927.175531020131,5150.619071251707,4815.928589765111,5046.0283203125,2299800,11466384024.21875
2024-07-08,5079.307133356972,5185.799956520539,5007.04443359375,5112.58642578125,2318900,11812578395.06836
2024-07-15,5123.9961480338325,5290.390588381107,5064.09417042646,5129.70068359375,1827900,9499673409.814453
2024-07-22,5120.193132136068,5266.620003204149,4555.402970927672,4656.1904296875,2568200,12503875520.263672
2024-07-29,4722.747988568417,4835.896168685116,4039.104736328125,4039.104736328125,2901100,13088575519.555664
2024-08-05,3772.873626469765,4296.778559111642,3373.527123668026,3998.219482421875,5378300,20419762460.229492
2024-08-12,4087.597447338096,4547.796097021775,4019.1380344029135,4484.0908203125,2346800,10086575388.769531
2024-08-19,4471.729865321829,4537.33747295229,4317.696337369252,4363.3359375,2229800,9858892045.019531
2024-08-26,4383.30345930133,4454.6158642202845,4314.844056032415,4453.6650390625,1735500,7618474692.822266
2024-09-02,4478.385601962069,4518.320898894322,4157.958039019274,4210.25341796875,2037300,8742450515.478516
2024-09-09,4021.989713601423,4268.253898582955,3993.464963859569,4238.7783203125,2412200,10049245997.509766
2024-09-16,4305.335478044727,4553.500992824818,4144.646057596503,4510.7138671875,1837000,7997644817.285156
2024-09-23,4577.271988878884,4990.45166015625,4567.763737967212,4990.45166015625,2233300,10728554066.503906
2024-09-30,4719.441908139089,4884.951392035302,4681.694116010823,4823.005859375,2765700,13140514938.623047
2024-10-07,4952.7039385773205,4972.061780823079,4825.910355110801,4866.5615234375,1943600,9495480034.277344
2024-10-14,4913.020146782651,4913.020146782651,4750.41443606576,4787.1943359375,1098600,5296000093.9453125
2024-10-21,4798.80911593967,4823.006418863933,4593.615717059904,4651.689453125,1536400,7239771801.269531
2024-10-28,4607.166227545295,4787.194652018164,4560.70751953125,4560.70751953125,2799700,13165834972.65625
2024-11-04,4530.702676289727,4741.703034670996,4530.702676289727,4672.0146484375,1867100,8686999031.152344
2024-11-11,4433.913784644957,4896.566101544291,4421.331187133412,4482.30810546875,3768300,17513346335.302734
2024-11-18,4481.340290794852,4671.047353028897,4405.845153912927,4618.78125,1824600,8280057245.3125
2024-11-25,4686.533046974143,4709.762454889753,4414.5554483448495,4524.8955078125,2052700,9293110966.796875
2024-12-02,4545.221695723342,4787.194170850985,4532.639097332285,4567.48291015625,2347000,10952854060.009766
2024-12-09,4577.161524393081,4713.63448804538,4520.055893194267,4554.900390625,1845200,8478380920.214844
2024-12-16,4554.899727578408,4578.129135453861,4284.858279355017,4378.74365234375,1817000,8042300181.347656
2024-12-23,4384.551065022804,4530.702713914886,4336.156415636043,4518.1201171875,1575800,6990734040.625
2024-12-30,4518.120235831369,4539.413861621491,4500.698178366723,4517.15234375,235900,1065596237.890625
2025-01-06,4510.376517212603,4853.978878680035,4366.161055641613,4378.74365234375,4293400,19478870023.14453
2025-01-13,4384.550668352601,4497.7941263214925,4310.022985910405,4480.3720703125,1777800,7832297539.111328
2025-01-20,4499.730525553455,4640.074767602849,4491.019496357932,4587.80859375,1721400,7866937498.2421875
2025-01-27,4636.203199169304,4636.203199169304,4373.904296875,4460.046875,1974200,8757038879.93164
2025-02-03,4392.294627370084,4462.950455764704,4298.409087737008,4432.94580078125,1851400,8053350311.328125
2025-02-10,4445.528311446174,4630.395787217303,4209.362540644047,4386.48681640625,3740600,16685674467.96875
2025-02-17,4330.348757302224,4361.321300939611,4150.3212890625,4150.3212890625,2839800,12020016684.667969
2025-02-24,4082.568650164531,4203.555029274353,4045.7890422603623,4118.380859375,1880800,7791954636.5234375
2025-03-03,4234.528104657779,4258.725331775969,4082.568575392005,4231.6240234375,1769800,7386026257.6171875
2025-03-10,4258.725048066049,4310.0239784433525,4173.550397496859,4289.6982421875,2172300,9254551934.179688
2025-03-17,4319.701995502896,4604.262831628284,4291.633127506126,4503.60205078125,2386700,10604912251.904297
2025-03-24,4500.698343912761,4693.308895614971,4435.849572075738,4507.34912109375,2860300,13057605960.15625
2025-03-31,4342.566528854107,4343.553251537327,3629.1657406455593,3749.5458984375,2692200,10904350403.66211
2025-04-07,3266.052095671861,3710.077096763363,3211.7823478585824,3592.6572265625,3248500,11279889812.011719
2025-04-14,3689.356003774519,3704.1568435863983,3502.8653653069164,3652.847412109375,1593900,5724372565.942383
2025-04-21,3607.458158237859,3845.258285664184,3578.843200199321,3824.537109375,1824600,6778059601.928711
2025-04-28,3848.218341646868,3864.9928140144016,3780.134552120147,3830.45751953125,1515700,5793163665.234375
2025-05-05,3858.0855252820343,3921.235824156495,3823.550232856237,3900.5146484375,900300,3478199430.6396484
2025-05-12,3934.0633388919537,4502.415700133418,3925.182834740956,4483.66796875,3748300,16084205281.591797
2025-05-19,4414.597514696869,4720.481638983719,4352.4334420241885,4696.80029296875,3263700,14825858910.888672
2025-05-26,4706.666835283228,4940.520547289311,4658.317427541324,4884.27734375,2621500,12750286898.925781
2025-06-02,4830.007561234071,5079.648170548378,4787.578485619553,4957.29443359375,2589000,12727166635.644531
2025-06-09,4948.41429462583,5055.967067928765,4632.6631399949865,4643.51708984375,2769900,13391079071.289062
2025-06-16,4675.092038805975,4756.003611407944,4622.795745791159,4636.60986328125,1681900,7876025168.603516
2025-06-23,4582.339860078376,5020.445318673449,4541.884232545384,4994.79052734375,2925600,13969178925.488281
2025-06-30,4996.763770713435,5169.439896749848,4875.396887403841,4983.93603515625,2658600,13298731663.52539
2025-07-07,4953.347413230852,5194.108121418339,4924.7324580548175,5165.4931640625,2310500,11776548537.060547
2025-07-14,5180.294127463374,5199.041562176586,5058.927227051621,5184.24072265625,1480400,7624229721.826172
2025-07-21,5229.630020509624,5780.221119999517,5223.70968463735,5748.64599609375,3181300,17709837356.347656
2025-07-28,5792.062066267429,6522.23683599664,5710.164084751212,6517.30322265625,5488600,33788373486.572266
2025-08-04,6375.215341786529,6803.452927291028,6324.892484267397,6604.134765625,4376800,29038919072.41211
2025-08-11,6868.576748429436,8370.368054067929,6866.603303019745,8348.66015625,6345400,49569727834.81445
2025-08-18,8337.806492795246,9521.873714492483,8252.948343874488,9186.3876953125,16912700,151743940803.02734
2025-08-25,9630.413519877133,10533.264256420724,9441.949484805766,10385.255859375,12695200,127194295922.85156
2025-09-01,10261.915764194811,10908.219288619524,10000.43425674177,10409.923828125,12299500,128466247624.51172
2025-09-08,10557.93271552986,10844.082787181713,9804.076124089806,10187.9111328125,11446500,117309954712.5
2025-09-15,10350.720836313349,11189.435700450971,9941.230935260748,10666.47265625,7428100,78135884987.30469
2025-09-22,10755.277433781162,11756.800232373069,10395.123648154546,11367.0458984375,6953600,78196013838.96484
2025-09-29,11635.793387698264,13228.374699177257,11113.227510093104,13118.884765625,7798000,95707845141.21094
2025-10-06,13512.05234973574,14213.783569856863,12680.9249120844,13596.658203125,9125900,122502553622.65625
2025-10-13,13601.63505130376,14223.736910584028,13133.814453125,13611.5888671875,6157700,82542511744.14062
2025-10-20,13890.291078529235,14223.7370358925,12969.579645124226,14014.7109375,7291100,100811616959.47266
2025-10-27,14611.928914141414,16090.042913911308,14173.969191919192,15686.9208984375,7431100,112699832835.44922
2025-11-03,16438.42019268645,16936.10170018528,14208.806586831302,15577.4306640625,8006100,126168637206.73828
2025-11-10,15562.500904688968,19917.21442292204,15283.799257531122,19409.578125,20338100,380441521701.1719
2025-11-17,20106.33274331724,21131.556640625,17792.113803969893,18205.189453125,18209500,357799915755.0781
2025-11-24,18284.81838619136,18528.682052796543,16682.28394951373,17747.322265625,11607800,205073707755.07812
2025-12-01,17816.998274857102,18065.83926687764,16408.559584414485,17901.603515625,9060800,155590516841.79688
2025-12-08,17926.48693631867,19260.27376629107,17443.737454116006,18016.0703125,9494700,171285958403.90625
2025-12-15,17369.0852018342,17717.4622689197,16254.27836145242,17070.474609375,7268800,123727791241.40625
2025-12-22,17921.510979114428,18692.917311178506,17189.91909722222,17244.6640625,6321200,113536751331.44531
2025-12-29,17563.179676527387,18075.791608146068,17145.12773116317,17553.2265625,2503500,44194943697.65625
2026-01-05,18085.746106354192,20628.898697884342,17911.557577536805,19807.724609375,11123400,216190102174.60938
2026-01-12,21101.69611511456,22430.504174343216,20156.1012420316,22116.96484375,8909200,189963127414.2578
2026-01-19,21883.05626780991,22853.535224421903,21206.208967537717,21713.84375,10458900,230580889154.8828
2026-01-26,21599.376700717003,22460.36667952451,19981.912828013777,20275.544921875,8917300,189739893548.4375
2026-02-02,19892.32991088343,22176.6872813908,19419.53247742485,20688.619140625,10765500,223137294233.59375
2026-02-09,22126.919074325077,26755.35700828937,21818.35655012171,26416.93359375,9629300,237544736802.34375
2026-02-16,29860.88942943406,31712.26511190676,26909.63817939845,31144.908203125,14856800,430948152270.3125
2026-02-23,32060.641692597987,38321.4755265884,31284.25856561176,36738.84765625,14336300,507755011515.625
2026-03-02,36430.28559656153,39416.37442049544,31592.82062509545,32588.18359375,17404200,604343457498.2422
2026-03-09,29870.84290608572,33374.520950553,27740.76613770773,31433.5625,12596000,386801482715.625
2026-03-16,32130.31754104035,32976.375063568994,29970.37890625,30965.7421875,8264800,257065331791.01562
2026-03-23,28686.362167855,32538.416822686137,27750.72093129068,31125.0,10359300,314288375519.53125
2026-03-30,29730.0,31640.0,27390.0,31520.0,9524300,282452639500.0
2026-04-06,31520.0,37200.0,30850.0,37200.0,9813900,338457725000.0
2026-04-13,36500.0,39830.0,35380.0,36500.0,10003900,368746786000.0
2026-04-20,36210.0,39290.0,35400.0,38660.0,7323900,274482998000.0
2026-04-27,38700.0,42950.0,37120.0,41060.0,8676300,356372739000.0
2026-05-04,45960.0,50000.0,45500.0,50000.0,4734500,232550314000.0
2026-05-11,52000.0,55860.0,45280.0,46640.0,17150200,872751021000.0
2026-05-18,46100.0,50610.0,43020.0,49610.0,10681600,498131776000.0
2026-05-25,50790.0,57700.0,47830.0,51630.0,12850900,664390253000.0
2026-06-01,52120.0,55230.0,42530.0,44490.0,9946800,481507128000.0
2026-06-08,40290.0,44240.0,35040.0,43900.0,11682600,472506521000.0
2026-06-15,45590.0,50670.0,44610.0,48820.0,11001600,522655580000.0
2026-06-22,50220.0,54440.0,41950.0,42390.0,8242800,387888825000.0
2026-06-29,42390.0,44590.0,36190.0,38740.0,8807300,359159172000.0
2026-07-06,38910.0,39060.0,33700.0,36460.0,6457700,229113899000.0
2026-07-13,35880.0,37100.0,28595.0,29980.0,5602400,185119969000.0
2026-07-20,30480.0,35290.0,29335.0,31910.0,4276700,140181058000.0
2026-07-27,31910.0,32230.0,24780.0,30950.0,7257300,207673880500.0
2026-08-03,30470.0,35440.0,29610.0,35380.0,3545800,117364299000.0
